"Criteria","Oocyte_Retrievals","Pct_Remaining"
"Initial",233591,100
"Cycles with rFSH (Gonal-F and Follistim only)",178555,76.44
"Cycles with rFSH + Menopur",164898,70.59
"Menopur 150 IU on first day of gonadotropin exposure",79562,34.06
"Patients with 17 <= bmi <= 39.9",77459,33.16
"Patients with 18 <= age <= 45",76889,32.92
"Patients with endometriosis (only I/II), tubal infertility, male factor, unexplained infertility, or anovulation",45642,19.54
"Exclude cycles for egg donation",45575,19.51
"Exclude cycles for egg freezing",44338,18.98
"Exclude cycles that inseminated both fresh eggs from the current cycle as well as frozen.",44059,18.86
"Exclude patients with known history of recurrent miscarriage",43062,18.43
"Exclude patients with cancer or recurrent chemotherapy",37011,15.84
"Exclude cycles that had 2 or more prior ovarian stimulation (ART) cycles",33634,14.4
"Patients who don't smoke",33634,14.4
"Patients with normal karyotype",33634,14.4
"Patients without congenital diseases",33634,14.4
"Patients without thrombophilia",33634,14.4
"Patients without endometrial polyps",33634,14.4
"Keep only cycles with stim duration < 16 days",33121,14.18
"Cycles with blast age at transfer 5 or 6 days",17801,7.62
"Exclude cyles with > 740 days from retrieval to transfer",17676,7.57
